-0.000480946190701839,0.000478299379982273,-0.114709482792735
0.0725732162101399,0.000478299379982273,-0.115156643082729
0.0718482379099052,0.000478299379982273,-0.115610357954676
0.0711204231642618,0.000478299379982273,-0.116059508727648
0.0710149817306264,0.000478299379982273,-0.116511409954479
0.0702815219933113,0.000478299379982273,-0.116955307472921
0.0695452876618492,0.000478299379982273,-0.117394587796084
0.0688063078015109,0.000478299379982273,-0.117829233581932
0.0680646115859557,0.000478299379982273,-0.118259227671395
0.0673202282960805,0.000478299379982273,-0.118684553089041
0.0665731873188628,0.000478299379982273,-0.119105193043752
0.0658235181462013,0.000478299379982273,-0.119521130929382
0.0650712503737513,0.000478299379982273,-0.119932350325416
0.0643164136997564,0.000478299379982273,-0.120338834997616
0.063559037923876,0.000478299379982273,-0.120740568898664
0.0627991529460089,0.000478299379982273,-0.121137536168793
0.0620367887651127,0.000478299379982273,-0.121529721136414
0.0612719754780202,0.000478299379982273,-0.121917108318737
0.0605047432782502,0.000478299379982273,-0.122299682422379
0.0597351224548163,0.000478299379982273,-0.12267742834397
0.0589631433910308,0.000478299379982273,-0.123050331170747
0.0581888365633053,0.000478299379982273,-0.123418376181145
0.0574122325399475,0.000478299379982273,-0.123781548845378
0.0566333619799545,0.000478299379982273,-0.124139834826011
0.0558522556318024,0.000478299379982273,-0.124493219978526
0.0550689443322324,0.000478299379982273,-0.124841690351882
0.0542834590050332,0.000478299379982273,-0.125185232189067
0.0541977729555285,0.000478299379982273,-0.125523054143909
0.0534080237177083,0.000478299379982273,-0.125861108836377
0.0533180626695171,0.000478299379982273,-0.126202237660344
0.052524063388612,0.000478299379982273,-0.126534751599936
0.0517279905476199,0.000478299379982273,-0.126862270164197
0.0509298755741334,0.000478299379982273,-0.127184780423255
0.0501297499763652,0.000478299379982273,-0.127502269644958
0.0493276453419039,0.000478299379982273,-0.127814725295373
0.0485235933364668,0.000478299379982273,-0.128122135039288
0.0477176257026506,0.000478299379982273,-0.128424486740692
0.0469097742586773,0.000478299379982273,-0.128721768463257
0.0461000708971386,0.000478299379982273,-0.12901396847081
0.0452885475837369,0.000478299379982273,-0.129301075227795
0.044475236356023,0.000478299379982273,-0.12958307739973
0.0436601693221316,0.000478299379982273,-0.12985996385365
0.0428433786595135,0.000478299379982273,-0.130131723658553
0.0420248966136655,0.000478299379982273,-0.130398346085827
0.0412047554968574,0.000478299379982273,-0.130659820609676
0.0403829876868561,0.000478299379982273,-0.130916136907532
0.0395596256256477,0.000478299379982273,-0.131167284860467
0.0395053994751412,0.000478299379982273,-0.131410998272511
0.0386789454515736,0.000478299379982273,-0.13165662244423
0.0386216296079242,0.000478299379982273,-0.131904477552489
0.037792092427857,0.000478299379982273,-0.132144539130041
0.0369610632806912,0.000478299379982273,-0.132379383867456
0.0361285749740345,0.000478299379982273,-0.132609002493467
0.0352946603731,0.000478299379982273,-0.132833385943121
0.034459352399408,0.000478299379982273,-0.133052525358146
0.0336226840294871,0.000478299379982273,-0.133266412087292
0.032784688293572,0.000478299379982273,-0.133475037686677
0.0319453982742995,0.000478299379982273,-0.133678393920121
0.0311048471054024,0.000478299379982273,-0.133876472759467
0.0302630679704016,0.000478299379982273,-0.134069266384901
0.029420094101296,0.000478299379982273,-0.134256767185262
0.0285759587772505,0.000478299379982273,-0.134438967758338
0.0277306953232824,0.000478299379982273,-0.134615860911164
0.0268843371089455,0.000478299379982273,-0.134787439660301
0.026862823802002,0.000478299379982273,-0.134950090315057
0.0260143827072437,0.000478299379982273,-0.13511620950508
0.0259908009787666,0.000478299379982273,-0.135283766277179
0.0251402805628845,0.000478299379982273,-0.135444399835784
0.0242887676517727,0.000478299379982273,-0.135599686281401
0.0234362958617031,0.000478299379982273,-0.135749619483588
0.0225828988468023,0.000478299379982273,-0.135894193523238
0.0217286102977231,0.000478299379982273,-0.136033402692816
0.0208734639403146,0.000478299379982273,-0.136167241496582
0.020017493534291,0.000478299379982273,-0.13629570465081
0.019160732871898,0.000478299379982273,-0.136418787083994
0.0183032157765796,0.000478299379982273,-0.136536483937049
0.0174449761016426,0.000478299379982273,-0.136648790563507
0.0165860477289196,0.000478299379982273,-0.136755702529694
0.0157264645674321,0.000478299379982273,-0.136857215614908
0.0148662605520515,0.000478299379982273,-0.136953325811587
0.0148693184263241,0.000478299379982273,-0.137043696120717
0.0148717934725124,0.000478299379982273,-0.137139511551931
0.0140098326215944,0.000478299379982273,-0.137230246154797
0.0131473186864731,0.000478299379982273,-0.137315563142521
0.0122842857177218,0.000478299379982273,-0.137395459146934
0.0114207677864046,0.000478299379982273,-0.137469931013878
0.0105567989827306,0.000478299379982273,-0.137538975803332
0.00969241341470882,0.000478299379982273,-0.137602590789526
0.00882764520680158,0.000478299379982273,-0.137660773461049
0.00796252849857689,0.000478299379982273,-0.137713521520948
0.00709709744336111,0.000478299379982273,-0.137760832886822
0.00623138620689049,0.000478299379982273,-0.137802705690897
0.00536542896596221,0.000478299379982273,-0.137839138280108
0.00449925990708548,0.000478299379982273,-0.137870129216157
0.00451514574115065,0.000478299379982273,-0.137893228048172
0.00364865361233698,0.000478299379982273,-0.137918875464623
0.00366421107666382,0.000478299379982273,-0.137947715214985
0.00279739339385858,0.000478299379982273,-0.137968015010904
0.00193046527475202,0.000478299379982273,-0.137982868065829
0.00106346094418189,0.000478299379982273,-0.137992273793387
0.000196414629994659,0.000478299379982273,-0.137996231822257
-0.000670639438305879,0.000478299379982273,-0.137994741996181
-0.00153766703090968,0.000478299379982273,-0.137987804373977
-0.00240463391905203,0.000478299379982273,-0.137975419229529
-0.00327150587636467,0.000478299379982273,-0.137957587051781
-0.00413824868022698,0.000478299379982273,-0.137934308544718
-0.00500482811311723,0.000478299379982273,-0.137905584627335
-0.00587120996396324,0.000478299379982273,-0.137871416433603
-0.00585732003175117,0.000478299379982273,-0.137828711473788
-0.00672320205004571,0.000478299379982273,-0.137789188468012
-0.00670880925705253,0.000478299379982273,-0.137752190804359
-0.00757419367729639,0.000478299379982273,-0.137707319279648
-0.00843927908134295,0.000478299379982273,-0.137657011305764
-0.00930403131710176,0.000478299379982273,-0.137601268868781
-0.0101684162456352,0.000478299379982273,-0.137540094169313
-0.0110323997425064,0.000478299379982273,-0.137473489622435
-0.0118959476991263,0.000478299379982273,-0.137401457857578
-0.0127590260241001,0.000478299379982273,-0.137324001718434
-0.0136216006445734,0.000478299379982273,-0.137241124262838
-0.0144836375075773,0.000478299379982273,-0.137152828762651
-0.0153451025813722,0.000478299379982273,-0.137059118703628
-0.0162059618567923,0.000478299379982273,-0.136959997785281
-0.0170661813485874,0.000478299379982273,-0.136855469920735
-0.0170683430768007,0.000478299379982273,-0.136745072036814
-0.0179271951365093,0.000478299379982273,-0.13663512994936
-0.0179280172658733,0.000478299379982273,-0.136530100499854
-0.0187855016592341,0.000478299379982273,-0.13641476119906
-0.0196422444331553,0.000478299379982273,-0.136294036477073
-0.0204982117648993,0.000478299379982273,-0.136167931099899
-0.0213533698623413,0.000478299379982273,-0.136036450045963
-0.022207684965304,0.000478299379982273,-0.13589959850591
-0.0230611233468899,0.000478299379982273,-0.135757381882405
-0.023913651314813,0.000478299379982273,-0.135609805789918
-0.024765235212729,0.000478299379982273,-0.135456876054499
-0.0256158414215636,0.000478299379982273,-0.135298598713553
-0.0264654363608402,0.000478299379982273,-0.135134980015598
-0.0273139864900055,0.000478299379982273,-0.13496602642002
-0.0281614583097531,0.000478299379982273,-0.134791744596817
-0.028192274279156,0.000478299379982273,-0.134608218438483
-0.0290374806031946,0.000478299379982273,-0.134428425269482
-0.029066011588539,0.000478299379982273,-0.134249650577804
-0.029908947732261,0.000478299379982273,-0.134064374669323
-0.030750703121939,0.000478299379982273,-0.133873806128884
-0.0315912445265113,0.000478299379982273,-0.133677952479808
-0.0324305387628425,0.000478299379982273,-0.133476821454061
-0.0332685526970334,0.000478299379982273,-0.133270420991953
-0.0341052532457287,0.000478299379982273,-0.133058759241819
-0.0349406073774234,0.000478299379982273,-0.132841844559703
-0.0357745821137667,0.000478299379982273,-0.132619685509026
-0.0366071445308641,0.000478299379982273,-0.132392290860246
-0.0374382617605769,0.000478299379982273,-0.132159669590515
-0.0382679009918199,0.000478299379982273,-0.131921830883322
-0.039096029471857,0.000478299379982273,-0.131678784128132
-0.0399226145075936,0.000478299379982273,-0.131430538920015
-0.0407476234668679,0.000478299379982273,-0.131177105059267
-0.0415710237797388,0.000478299379982273,-0.130918492551022
-0.0416356763166918,0.000478299379982273,-0.130652191864887
-0.04245576099499,0.000478299379982273,-0.130388009954075
-0.0425170910842633,0.000478299379982273,-0.130125674838887
-0.0433338501819139,0.000478299379982273,-0.129855965265192
-0.0441488985333589,0.000478299379982273,-0.129581129200337
-0.0449622039618848,0.000478299379982273,-0.12930117749438
-0.0457737343595859,0.000478299379982273,-0.129016121199334
-0.0465834576886316,0.000478299379982273,-0.128725971568735
-0.0473913419825315,0.000478299379982273,-0.128430740057192
-0.0481973553473968,0.000478299379982273,-0.12813043831994
-0.0490014659632002,0.000478299379982273,-0.127825078212378
-0.0498036420850313,0.000478299379982273,-0.1275146717896
-0.0506038520443503,0.000478299379982273,-0.127199231305919
-0.0514020642502383,0.000478299379982273,-0.126878769214387
-0.0521982471906441,0.000478299379982273,-0.126553298166297
-0.0529923694336286,0.000478299379982273,-0.12622283101069
-0.0537843996286053,0.000478299379982273,-0.125887380793842
-0.0545743065075783,0.000478299379982273,-0.125546960758754
-0.0553620588863766,0.000478299379982273,-0.125201584344627
-0.056147625665885,0.000478299379982273,-0.124851265186329
-0.0569309758332723,0.000478299379982273,-0.12449601711386
-0.0570259650941352,0.000478299379982273,-0.124132996373394
-0.0578047849374966,0.000478299379982273,-0.123772243745859
-0.0578952276395161,0.000478299379982273,-0.123412368977257
-0.0586695025187035,0.000478299379982273,-0.123046168872573
-0.0594414612263898,0.000478299379982273,-0.122675111115831
-0.0602110732869669,0.000478299379982273,-0.122299210355756
-0.0609783083174685,0.000478299379982273,-0.121918481432266
-0.0617431360287694,0.000478299379982273,-0.121532939375886
-0.062505526226781,0.000478299379982273,-0.121142599407158
-0.0632654488136438,0.000478299379982273,-0.120747476936034
-0.0640228737889153,0.000478299379982273,-0.120347587561274
-0.0647777712507542,0.000478299379982273,-0.119942947069825
-0.0655301113971015,0.000478299379982273,-0.119533571436201
-0.0662798645268564,0.000478299379982273,-0.119119476821851
-0.067027001041049,0.000478299379982273,-0.118700679574521
-0.0677714914440092,0.000478299379982273,-0.11827719622761
-0.0685133063445305,0.000478299379982273,-0.117849043499515
-0.0692524164570309,0.000478299379982273,-0.117416238292972
-0.0699887926027087,0.000478299379982273,-0.11697879769439
-0.0707224057106946,0.000478299379982273,-0.116536738973175
-0.0714532268191992,0.000478299379982273,-0.116090079581048
-0.0721812270766565,0.000478299379982273,-0.115638837151357
-0.0729063777428628,0.000478299379982273,-0.115183029498381
-0.000477559356900165,0.000478299379982273,-0.114719939794527
0.0725765235254195,0.000478299379982273,-0.115167139264491
0.0718514792108802,0.000478299379982273,-0.115620874709591
0.0711235983229711,0.000478299379982273,-0.116070045640532
0.071018093108066,0.000478299379982273,-0.116521999817717
0.0702845667716997,0.000478299379982273,-0.116965916676356
0.0695482657209838,0.000478299379982273,-0.117405215920884
0.0688092190238229,0.000478299379982273,-0.117839880208516
0.0680674558565151,0.000478299379982273,-0.118269892379452
0.0673230055026003,0.000478299379982273,-0.118695235457548
0.0665758973517037,0.000478299379982273,-0.119115892650986
0.0658261608983759,0.000478299379982273,-0.119531847352942
0.0650738257409283,0.000478299379982273,-0.119943083142235
0.0643189215802646,0.000478299379982273,-0.120349583783982
0.0635614782187085,0.000478299379982273,-0.120751333230232
0.0628015255588271,0.000478299379982273,-0.121148315620605
0.0620390936022501,0.000478299379982273,-0.121540515282918
0.0612742124484855,0.000478299379982273,-0.121927916733797
0.0605069122937318,0.000478299379982273,-0.122310504679298
0.0597372234296851,0.000478299379982273,-0.122688264015503
0.058965176242344,0.000478299379982273,-0.123061179829121
0.0581908012108093,0.000478299379982273,-0.123429237398073
0.0574141289060815,0.000478299379982273,-0.123792422192078
0.0566351899898531,0.000478299379982273,-0.124150719873221
0.055854015213299,0.000478299379982273,-0.124504116296524
0.0550706354158616,0.000478299379982273,-0.124852597510501
0.0542850815240341,0.000478299379982273,-0.12519614975771
0.0541993353120897,0.000478299379982273,-0.12553396637952
0.0534095174802825,0.000478299379982273,-0.125872030673102
0.0533194964371196,0.000478299379982273,-0.126213153462554
0.0525254285423563,0.000478299379982273,-0.126545676195246
0.0517292870336121,0.000478299379982273,-0.126873203121323
0.0509311033411905,0.000478299379982273,-0.127195721310582
0.0501309089760171,0.000478299379982273,-0.127513218030558
0.0493287355283951,0.000478299379982273,-0.127825680747023
0.0485246146667588,0.000478299379982273,-0.128133097124486
0.047718578136423,0.000478299379982273,-0.128435455026672
0.0469106577583295,0.000478299379982273,-0.128732742517012
0.0461008854277917,0.000478299379982273,-0.129024947859102
0.0452892931132346,0.000478299379982273,-0.129312059517177
0.044475912854933,0.000478299379982273,-0.129594066156559
0.0436607767637469,0.000478299379982273,-0.129870956644111
0.0428439170198534,0.000478299379982273,-0.130142720048669
0.0420253658714765,0.000478299379982273,-0.130409345641479
0.0412051556336139,0.000478299379982273,-0.130670822896621
0.0403833186867614,0.000478299379982273,-0.130927141491418
0.0395598874756345,0.000478299379982273,-0.131178291306852
0.0395055877804828,0.000478299379982273,-0.131421980835175
0.0386790647481759,0.000478299379982273,-0.131667605973257
0.0386216758251022,0.000478299379982273,-0.131915436249469
0.0377920697890519,0.000478299379982273,-0.132155497901095
0.0369609717867967,0.000478299379982273,-0.132390342279951
0.0361284146286628,0.000478299379982273,-0.132619960114782
0.035294431182581,0.000478299379982273,-0.132844342340669
0.0344590543727899,0.000478299379982273,-0.133063480099387
0.0336223171785356,0.000478299379982273,-0.133277364739752
0.0327842526327696,0.000478299379982273,-0.133485987817964
0.0319448938208453,0.000478299379982273,-0.133689341097942
0.0311042738792114,0.000478299379982273,-0.133887416551646
0.0302624259941038,0.000478299379982273,-0.134080206359396
0.0294193834002356,0.000478299379982273,-0.134267702910182
0.0285751793794847,0.000478299379982273,-0.13444989880196
0.0277298472595804,0.000478299379982273,-0.134626786841948
0.0268834204127875,0.000478299379982273,-0.134798360046909
0.0268618452570356,0.000478299379982273,-0.134961006161923
0.0260133355957556,0.000478299379982273,-0.135127118988137
0.0259896920709811,0.000478299379982273,-0.135294670485965
0.0251391031642742,0.000478299379982273,-0.135455296861903
0.0242875218088194,0.000478299379982273,-0.135610575694657
0.0234349816235905,0.000478299379982273,-0.135760500854086
0.0225815162654142,0.000478299379982273,-0.1359050664214
0.0217271594276415,0.000478299379982273,-0.136044266689398
0.0208719448388174,0.000478299379982273,-0.136178096162693
0.0200159062613496,0.000478299379982273,-0.136306549557925
0.0191590774901753,0.000478299379982273,-0.136429621803975
0.0183014923514273,0.000478299379982273,-0.136547308042162
0.0174431847010985,0.000478299379982273,-0.136659603626433
0.0165841884237051,0.000478299379982273,-0.136766504123551
0.0157245374309495,0.000478299379982273,-0.136868005313269
0.0148642656603808,0.000478299379982273,-0.136964103188492
0.0148672567855228,0.000478299379982273,-0.13705451071097
0.0148696645361553,0.000478299379982273,-0.137150362940243
0.0140076355464256,0.000478299379982273,-0.137241083952499
0.0131450535592294,0.000478299379982273,-0.137326386921754
0.0122819526278267,0.000478299379982273,-0.137406268480394
0.0114183668259643,0.000478299379982273,-0.137480725474832
0.010554330246531,0.000478299379982273,-0.137549754965632
0.00968987700021148,0.000478299379982273,-0.13761335422763
0.00882504121413969,0.000478299379982273,-0.137671520750034
0.00795985703055165,0.000478299379982273,-0.13772425223653
0.00709435860543756,0.000478299379982273,-0.13777154660537
0.00622858010719317,0.000478299379982273,-0.137813401989453
0.00536255571527117,0.000478299379982273,-0.137849816736399
0.00449631961883175,0.000478299379982273,-0.137880789408618
0.00451213896149331,0.000478299379982273,-0.137903829229963
0.0036455802832795,0.000478299379982273,-0.137929457545127
0.00366107225632163,0.000478299379982273,-0.137958237459035
0.00279418852269978,0.000478299379982273,-0.137978517325593
0.00192719447929947,0.000478299379982273,-0.137993350036545
0.00106012435356104,0.000478299379982273,-0.138002735006319
0.000193012375928324,0.000478299379982273,-0.138006671864414
-0.000674107221502517,0.000478299379982273,-0.138005160455409
-0.00154120020633447,0.000478299379982273,-0.137998200838972
-0.00240823234722126,0.000478299379982273,-0.137985793289857
-0.00327516941521854,0.000478299379982273,-0.137967938297892
-0.0041419771851353,0.000478299379982273,-0.137944636567962
-0.00500862143688498,0.000478299379982273,-0.13791588901998
-0.00587506795683648,0.000478299379982273,-0.137881696788848
-0.0058612340975731,0.000478299379982273,-0.137838966500561
-0.00672718047241693,0.000478299379982273,-0.13779941869972
-0.0067128434246048,0.000478299379982273,-0.137762395058084
-0.00757829188001284,0.000478299379982273,-0.137717497984694
-0.0084434411574336,0.000478299379982273,-0.137667164060294
-0.00930825710225495,0.000478299379982273,-0.13761139527198
-0.0101727055730242,0.000478299379982273,-0.13755019382141
-0.0110367524427959,0.000478299379982273,-0.137483562124711
-0.0119003636004791,0.000478299379982273,-0.137411502812389
-0.012763504952184,0.000478299379982273,-0.137334018729223
-0.013626142422568,0.000478299379982273,-0.13725111293415
-0.0144882419561809,0.000478299379982273,-0.13716278870015
-0.0153497695188092,0.000478299379982273,-0.137069049514113
-0.0162106910988199,0.000478299379982273,-0.136969899076701
-0.0170709727085031,0.000478299379982273,-0.136865341302203
-0.0170732158018649,0.000478299379982273,-0.136754943100995
-0.0179321297867074,0.000478299379982273,-0.136644970202661
-0.0179330334580337,0.000478299379982273,-0.136539939289564
-0.0187905795709114,0.000478299379982273,-0.136424568277103
-0.0196473838638822,0.000478299379982273,-0.136303811456283
-0.0205034125117798,0.000478299379982273,-0.136177673594376
-0.021358631720059,0.000478299379982273,-0.136046159671089
-0.0222130077261296,0.000478299379982273,-0.135909274878367
-0.0230665068006899,0.000478299379982273,-0.135767024620187
-0.0239190952490581,0.000478299379982273,-0.135619414512345
-0.0247707394125017,0.000478299379982273,-0.135466450382235
-0.0256214056695677,0.000478299379982273,-0.13530813826862
-0.0264710604374087,0.000478299379982273,-0.135144484421391
-0.0273196701731094,0.000478299379982273,-0.134975495301322
-0.0281672013750103,0.000478299379982273,-0.134801177579813
-0.0281980924882424,0.000478299379982273,-0.134617597351072
-0.0290433576264925,0.000478299379982273,-0.134437767440293
-0.0290719629575016,0.000478299379982273,-0.134258937638819
-0.0299149573356902,0.000478299379982273,-0.13407362415371
-0.0307567707225857,0.000478299379982273,-0.133883017671491
-0.0315973698848371,0.000478299379982273,-0.133687125716979
-0.0324367216370288,0.000478299379982273,-0.133485956023652
-0.0332747928429908,0.000478299379982273,-0.133279516533347
-0.034111550417107,0.000478299379982273,-0.133067815395939
-0.0349469613256211,0.000478299379982273,-0.132850860969028
-0.0357809925879407,0.000478299379982273,-0.132628661817604
-0.0366136112779399,0.000478299379982273,-0.132401226713707
-0.0374447845252584,0.000478299379982273,-0.132168564636087
-0.0382744795165995,0.000478299379982273,-0.131930684769844
-0.0391026634970257,0.000478299379982273,-0.131687596506068
-0.0399293037712517,0.000478299379982273,-0.131439309441467
-0.0407543677049346,0.000478299379982273,-0.131185833377989
-0.0415778227259631,0.000478299379982273,-0.130927178322436
-0.04164250535805,0.000478299379982273,-0.13066080807993
-0.0424626440384684,0.000478299379982273,-0.130396583091191
-0.042524003180352,0.000478299379982273,-0.130134178201482
-0.0433408155694152,0.000478299379982273,-0.129864425030243
-0.0441559169372911,0.000478299379982273,-0.129589545033867
-0.0449692751051733,0.000478299379982273,-0.129309549064146
-0.0457808579630742,0.000478299379982273,-0.129024448174842
-0.046590633471092,0.000478299379982273,-0.128734253621248
-0.0473985696606763,0.000478299379982273,-0.128438976859751
-0.0482046346358899,0.000478299379982273,-0.128138629547369
-0.0490087965746674,0.000478299379982273,-0.127833223541302
-0.0498110237300728,0.000478299379982273,-0.127522770898454
-0.0506112844315514,0.000478299379982273,-0.127207283874966
-0.0514095470861811,0.000478299379982273,-0.126886774925724
-0.0522057801799189,0.000478299379982273,-0.126561256703873
-0.0529999522788461,0.000478299379982273,-0.126230742060314
-0.0537920320304076,0.000478299379982273,-0.125895244043201
-0.0545819881646512,0.000478299379982273,-0.12555477589742
-0.0553697894954616,0.000478299379982273,-0.125209351064071
-0.0561554049217908,0.000478299379982273,-0.124858983179935
-0.0569388034288872,0.000478299379982273,-0.124503686076936
-0.0570338269662356,0.000478299379982273,-0.124140645003239
-0.0578126947118528,0.000478299379982273,-0.123779842827452
-0.057903171615162,0.000478299379982273,-0.123419947381205
-0.0586774939537453,0.000478299379982273,-0.123053697213787
-0.0594494998053391,0.000478299379982273,-0.122682589097105
-0.0602191586924745,0.000478299379982273,-0.122306637681872
-0.0609864402303364,0.000478299379982273,-0.121925857810006
-0.0617513141279636,0.000478299379982273,-0.121540264514044
-0.0625137501894441,0.000478299379982273,-0.121149873016549
-0.0632737183151079,0.000478299379982273,-0.12075469872951
-0.0640311885027146,0.000478299379982273,-0.120354757253729
-0.064786130848638,0.000478299379982273,-0.119950064378213
-0.0655385155490473,0.000478299379982273,-0.119540636079542
-0.0662883129010826,0.000478299379982273,-0.119126488521245
-0.0670354933040283,0.000478299379982273,-0.118707638053159
-0.0677800272604815,0.000478299379982273,-0.118284101210782
-0.0685218853775165,0.000478299379982273,-0.117855894714625
-0.0692610383678449,0.000478299379982273,-0.117423035469546
-0.0699974570509727,0.000478299379982273,-0.116985540564086
-0.0707311123543508,0.000478299379982273,-0.116543427269797
-0.0714619753145242,0.000478299379982273,-0.116096713040553
-0.0721900170782748,0.000478299379982273,-0.115645415511868
-0.0729152089037601,0.000478299379982273,-0.115189552500195
-0.000486423645700652,0.000478299379982273,-0.114726438034493
0.0725676073916476,0.000478299379982273,-0.115173556849217
0.0718425229304964,0.000478299379982273,-0.115627236146287
0.071114602249554,0.000478299379982273,-0.11607635067806
0.0710090399712807,0.000478299379982273,-0.116528192131592
0.0702754749064161,0.000478299379982273,-0.11697205198584
0.069539135486133,0.000478299379982273,-0.117411293983763
0.068800050779851,0.000478299379982273,-0.117845900784839
0.0680582499653688,0.000478299379982273,-0.118275855231538
0.0673137623277123,0.000478299379982273,-0.118701140349992
0.0665666172579787,0.000478299379982273,-0.119121739350675
0.0658168442521761,0.000478299379982273,-0.119537635629056
0.065064472910059,0.000478299379982273,-0.119948812766265
0.0643095329339595,0.000478299379982273,-0.120355254529731
0.0635520541276154,0.000478299379982273,-0.120756944873829
0.0627920663949929,0.000478299379982273,-0.121153867940512
0.0620295997391062,0.000478299379982273,-0.121546008059938
0.0612646842608337,0.000478299379982273,-0.121933349751086
0.0604973501577284,0.000478299379982273,-0.122315877722369
0.059727627722827,0.000478299379982273,-0.122693576872238
0.0589555473434531,0.000478299379982273,-0.123066432289776
0.0581811395000183,0.000478299379982273,-0.123434429255292
0.0574044347648179,0.000478299379982273,-0.123797553240894
0.0566254638008253,0.000478299379982273,-0.12415578991107
0.05584425736048,0.000478299379982273,-0.124509125123248
0.0550608462844749,0.000478299379982273,-0.124857544928361
0.0542752615005378,0.000478299379982273,-0.12520103557139
0.0541894760482684,0.000478299379982273,-0.125538801129304
0.0533996280336458,0.000478299379982273,-0.125876803380278
0.0533095683280091,0.000478299379982273,-0.126217874561248
0.0525154709658755,0.000478299379982273,-0.12655033482101
0.0517193003828689,0.000478299379982273,-0.126877799090243
0.0509210880104409,0.000478299379982273,-0.127200254441218
0.0501208653606491,0.000478299379982273,-0.127517688143948
0.0493186640249136,0.000478299379982273,-0.127830087666696
0.0485145156727694,0.000478299379982273,-0.128137440676463
0.0477084520506166,0.000478299379982273,-0.128439735039479
0.0469005049804668,0.000478299379982273,-0.128736958821679
0.0460907063586869,0.000478299379982273,-0.129029100289178
0.0452790881547399,0.000478299379982273,-0.129316147908731
0.0444656824099227,0.000478299379982273,-0.129598090348189
0.0436505212361015,0.000478299379982273,-0.129874916476948
0.0428336368144435,0.000478299379982273,-0.130146615366386
0.042015061394147,0.000478299379982273,-0.130413176290295
0.041194827291168,0.000478299379982273,-0.130674588725308
0.0403729668869445,0.000478299379982273,-0.130930842351309
0.0395495126271177,0.000478299379982273,-0.131181927051843
0.039495196958576,0.000478299379982273,-0.131425578093005
0.0386686515292862,0.000478299379982273,-0.13167113787305
0.038611246949119,0.000478299379982273,-0.131918929504713
0.0377816191703002,0.000478299379982273,-0.132158925561256
0.0369504998378491,0.000478299379982273,-0.132393704209711
0.0361179217629337,0.000478299379982273,-0.132623256181417
0.035283917814311,0.000478299379982273,-0.132847572414057
0.0344485209170287,0.000478299379982273,-0.13306664405201
0.0336117640511258,0.000478299379982273,-0.133280462446702
0.0327736802503309,0.000478299379982273,-0.133489019156949
0.0319343026007571,0.000478299379982273,-0.13369230594929
0.031093664239597,0.000478299379982273,-0.13389031479831
0.0302517983538136,0.000478299379982273,-0.134083037886958
0.0294087381788305,0.000478299379982273,-0.134270467606858
0.0285645169972199,0.000478299379982273,-0.134452596558604
0.0277191681373886,0.000478299379982273,-0.134629417552058
0.0268727249722621,0.000478299379982273,-0.13480092360663
0.0268511236033031,0.000478299379982273,-0.134963491669999
0.0260025985368543,0.000478299379982273,-0.135129537081457
0.025978929850209,0.000478299379982273,-0.135297010140226
0.0251283264555545,0.000478299379982273,-0.135457568849399
0.0242767310375982,0.000478299379982273,-0.135612779925694
0.023424177215869,0.000478299379982273,-0.135762637241644
0.0225706986477318,0.000478299379982273,-0.135907134881138
0.0217163290270593,0.000478299379982273,-0.136046267139657
0.0208611020829011,0.000478299379982273,-0.136180028524499
0.0200050515781525,0.000478299379982273,-0.136308413754992
0.0191482113082219,0.000478299379982273,-0.136431417762707
0.0182906150996958,0.000478299379982273,-0.136549035691657
0.017432296809004,0.000478299379982273,-0.136661262898487
0.0165732903210832,0.000478299379982273,-0.136768094952659
0.0157136295480385,0.000478299379982273,-0.136869527636628
0.0148533484278052,0.000478299379982273,-0.136965556946003
0.0148563316207911,0.000478299379982273,-0.137055863331185
0.0148587322791553,0.000478299379982273,-0.13715161438216
0.0139966956422292,0.000478299379982273,-0.137242266680768
0.0131341064397255,0.000478299379982273,-0.137327500889684
0.0122709987251887,0.000478299379982273,-0.137407313644007
0.0114074065726335,0.000478299379982273,-0.137481701792867
0.0105433640751994,0.000478299379982273,-0.137550662399546
0.00967890534380482,0.000478299379982273,-0.137614192741599
0.00881406450580009,0.000478299379982273,-0.137672290310955
0.00794887570362089,0.000478299379982273,-0.137724952814022
0.00708337309343951,0.000478299379982273,-0.137772178171775
0.00621759084381701,0.000478299379982273,-0.137813964519838
0.00535156313435435,0.000478299379982273,-0.137850310208556
0.00448532415434242,0.000478299379982273,-0.137881213803066
0.00450114157814924,0.000478299379982273,-0.137904213030131
0.00363458070554266,0.000478299379982273,-0.137929772239576
0.00365007109089579,0.000478299379982273,-0.137958511539942
0.00278318585233767,0.000478299379982273,-0.137978722279184
0.00191619073836779,0.000478299379982273,-0.137993485854728
0.00104911997646855,0.000478299379982273,-0.138002801683734
0.000182007797109021,0.000478299379982273,-0.138006669398427
-0.000685111567606693,0.000478299379982273,-0.138005088846118
-0.00155220388529082,0.000478299379982273,-0.137998060089203
-0.00241923492462335,0.000478299379982273,-0.137985583405167
-0.00328617045670345,0.000478299379982273,-0.137967659286568
-0.00415297625640068,0.000478299379982273,-0.137944288441018
-0.00501961810370647,0.000478299379982273,-0.137915471791159
-0.00588606178508436,0.000478299379982273,-0.137881210474622
-0.00587223623751295,0.000478299379982273,-0.137838416547847
-0.00673817893975188,0.000478299379982273,-0.137798799629832
-0.00672384943670745,0.000478299379982273,-0.137761712177184
-0.0075892933842272,0.000478299379982273,-0.137716745964914
-0.0084544377194392,0.000478299379982273,-0.137666342931324
-0.0093192482879263,0.000478299379982273,-0.137610505066236
-0.010183690948448,0.000478299379982273,-0.137549234574036
-0.0110477315742885,0.000478299379982273,-0.137482533873577
-0.0119113360546031,0.000478299379982273,-0.137410405598088
-0.0127744702957657,0.000478299379982273,-0.13733285259507
-0.0136371002227145,0.000478299379982273,-0.137249877926184
-0.014499191780297,0.000478299379982273,-0.137161484867126
-0.0153607109346145,0.000478299379982273,-0.137067676907504
-0.0162216236743661,0.000478299379982273,-0.136968457750695
-0.0170818960121909,0.000478299379982273,-0.136863831313702
-0.0170841071726077,0.000478299379982273,-0.136753322534342
-0.0179430107602103,0.000478299379982273,-0.136643281235947
-0.0179438808491735,0.000478299379982273,-0.136538140296852
-0.0188014154446028,0.000478299379982273,-0.136422701164182
-0.0196582077923435,0.000478299379982273,-0.136301876296863
-0.0205142240677008,0.000478299379982273,-0.136175670464853
-0.0213694304766178,0.000478299379982273,-0.136044088650544
-0.02222379325701,0.000478299379982273,-0.13590713604856
-0.0230772786800976,0.000478299379982273,-0.135764818065555
-0.0239298530517376,0.000478299379982273,-0.13561714032
-0.0247814827137536,0.000478299379982273,-0.135464108641958
-0.0256321340452647,0.000478299379982273,-0.135305729072858
-0.026481773464013,0.000478299379982273,-0.135142007865256
-0.0273303674276889,0.000478299379982273,-0.134972951482583
-0.0281778824352559,0.000478299379982273,-0.134798566598896
-0.0282087507464328,0.000478299379982273,-0.134614983141091
-0.0290539992488405,0.000478299379982273,-0.134435086314544
-0.029082582140422,0.000478299379982273,-0.134256253605878
-0.0299255594448315,0.000478299379982273,-0.134070873451896
-0.030767355339395,0.000478299379982273,-0.133880200409395
-0.0316079365914518,0.000478299379982273,-0.133684242005822
-0.0324472700162934,0.000478299379982273,-0.133483005977278
-0.0332853224784734,0.000478299379982273,-0.133276500268218
-0.0341220608931156,0.000478299379982273,-0.133064733031134
-0.0349574522272199,0.000478299379982273,-0.132847712626232
-0.0357914635009672,0.000478299379982273,-0.132625447621108
-0.0366240617890202,0.000478299379982273,-0.132397946790403
-0.0374552142218242,0.000478299379982273,-0.13216521911546
-0.0382848879869044,0.000478299379982273,-0.13192727378397
-0.039113050330161,0.000478299379982273,-0.131684120189606
-0.0399396685571628,0.000478299379982273,-0.131435767931657
-0.0407647100344378,0.000478299379982273,-0.131182226814643
-0.0415881421907609,0.000478299379982273,-0.130923506847935
-0.0416528244445677,0.000478299379982273,-0.130657089600729
-0.0424729395575561,0.000478299379982273,-0.130392799849083
-0.0425342978407646,0.000478299379982273,-0.130130347818245
-0.0433510859597707,0.000478299379982273,-0.129860530039781
-0.0441661626521321,0.000478299379982273,-0.129585585589948
-0.0449794957400166,0.000478299379982273,-0.129305525323082
-0.0457910531144264,0.000478299379982273,-0.129020360295483
-0.0466008027364662,0.000478299379982273,-0.128730101764977
-0.0474087126386072,0.000478299379982273,-0.128434761190475
-0.04821475092595,0.000478299379982273,-0.128134350231517
-0.0490188857774832,0.000478299379982273,-0.127828880747812
-0.0498210854473396,0.000478299379982273,-0.127518364798774
-0.0506213182660499,0.000478299379982273,-0.12720281464304
-0.0514195526417926,0.000478299379982273,-0.12688224273799
-0.0522157570616415,0.000478299379982273,-0.126556661739254
-0.0530099000928092,0.000478299379982273,-0.126226084500212
-0.0538019503838888,0.000478299379982273,-0.125890524071488
-0.0545918766660908,0.000478299379982273,-0.125549993700433
-0.0553796477544784,0.000478299379982273,-0.125204506830602
-0.0561652325491978,0.000478299379982273,-0.124854077101226
-0.0569486000367064,0.000478299379982273,-0.124498718346671
-0.0570435947492983,0.000478299379982273,-0.124135564580797
-0.0578224303810822,0.000478299379982273,-0.123774701132906
-0.0579128767237485,0.000478299379982273,-0.123414693352408
-0.0586871658589418,0.000478299379982273,-0.123048382310106
-0.0594591381253156,0.000478299379982273,-0.122677213528363
-0.0602287630467265,0.000478299379982273,-0.122301201660287
-0.0609960102397005,0.000478299379982273,-0.121920361550183
-0.0617608494146321,0.000478299379982273,-0.121534708232965
-0.0625232503769803,0.000478299379982273,-0.121144256933568
-0.0632831830284606,0.000478299379982273,-0.120749023066339
-0.0640406173682331,0.000478299379982273,-0.120349022234435
-0.0647955234940871,0.000478299379982273,-0.119944270229203
-0.0655478716036211,0.000478299379982273,-0.11953478302956
-0.0662976319954202,0.000478299379982273,-0.11912057680136
-0.0670447750702278,0.000478299379982273,-0.118701667896755
-0.0677892713321148,0.000478299379982273,-0.118278072853551
-0.0685310913896433,0.000478299379982273,-0.117849808394555
-0.0692702059570278,0.000478299379982273,-0.117416891426914
-0.0700065858552907,0.000478299379982273,-0.116979339041451
-0.0707402020134145,0.000478299379982273,-0.116537168511982
-0.0714710254694895,0.000478299379982273,-0.116090397294645
-0.0721990273718569,0.000478299379982273,-0.115639043027201
-0.0729241789802483,0.000478299379982273,-0.115183123528343
-0.000495358622748014,0.000478299379982273,-0.114719924849894
0.0725587055223909,0.000478299379982273,-0.115167016183008
0.0718336623329024,0.000478299379982273,-0.115620639677459
0.0711057832734239,0.000478299379982273,-0.11606969866703
0.0710002592035242,0.000478299379982273,-0.116521541322879
0.0702667360999729,0.000478299379982273,-0.11696534613758
0.0695304389859965,0.000478299379982273,-0.117404533360691
0.068791396929344,0.000478299379982273,-0.117839085653855
0.0680496391061304,0.000478299379982273,-0.118268985861689
0.0673051947996847,0.000478299379982273,-0.118694217012471
0.0665580933993931,0.000478299379982273,-0.119114762318802
0.0658083643995399,0.000478299379982273,-0.119530605178274
0.0650560373981422,0.000478299379982273,-0.119941729174123
0.0643011420957818,0.000478299379982273,-0.120348118075877
0.0635437082944325,0.000478299379982273,-0.120749755839998
0.0627837658962841,0.000478299379982273,-0.121146626610516
0.0620213449025612,0.000478299379982273,-0.121538714719651
0.061256475412339,0.000478299379982273,-0.121926004688436
0.0604891876213554,0.000478299379982273,-0.122308481227328
0.0597195118208187,0.000478299379982273,-0.122686129236806
0.0589474783962114,0.000478299379982273,-0.123058933807974
0.0581731178260913,0.000478299379982273,-0.123426880223146
0.0573964606808878,0.000478299379982273,-0.123789953956427
0.056617537621695,0.000478299379982273,-0.124148140674289
0.0558363793990617,0.000478299379982273,-0.124501426236132
0.0550530168517769,0.000478299379982273,-0.124849796694849
0.0542674809056527,0.000478299379982273,-0.125193238297369
0.0541817737472189,0.000478299379982273,-0.125530977264184
0.053391975043104,0.000478299379982273,-0.125868931274928
0.0533019938184265,0.000478299379982273,-0.126209977032571
0.0525079462271168,0.000478299379982273,-0.12654238985649
0.0517118257119981,0.000478299379982273,-0.126869807003532
0.050913663702545,0.000478299379982273,-0.12719221554783
0.0501134917088272,0.000478299379982273,-0.127509602761247
0.0493113413202648,0.000478299379982273,-0.127821956113877
0.0485072442043815,0.000478299379982273,-0.128129263274547
0.0477012321055548,0.000478299379982273,-0.128431512111295
0.0468933368437622,0.000478299379982273,-0.128728690691854
0.0460835903133251,0.000478299379982273,-0.129020787284124
0.0452720244816504,0.000478299379982273,-0.129307790356631
0.044458671387967,0.000478299379982273,-0.129589688578985
0.0436435631420629,0.000478299379982273,-0.129866470822327
0.0428267319230156,0.000478299379982273,-0.130138126159768
0.0420082099779231,0.000478299379982273,-0.130404643866821
0.0411880296206303,0.000478299379982273,-0.130666013421822
0.0403662232304531,0.000478299379982273,-0.130922224506349
0.039542823250901,0.000478299379982273,-0.131173267005627
0.0394885758004932,0.000478299379982273,-0.131416832764171
0.0386620854500595,0.000478299379982273,-0.131662351115153
0.0386047504263189,0.000478299379982273,-0.131910058416644
0.0377751785140594,0.000478299379982273,-0.132150013829707
0.0369441153024337,0.000478299379982273,-0.132384752186501
0.0361115936003941,0.000478299379982273,-0.132614264219958
0.0352776462744722,0.000478299379982273,-0.132838540869335
0.0344423062474805,0.000478299379982273,-0.133057573280575
0.0336056064972128,0.000478299379982273,-0.133271352806653
0.0327675800551426,0.000478299379982273,-0.133479871007919
0.0319282600051188,0.000478299379982273,-0.133683119652432
0.0310876794820599,0.000478299379982273,-0.133881090716283
0.0302458716706458,0.000478299379982273,-0.134073776383914
0.0294028698040074,0.000478299379982273,-0.134261169048424
0.0285587071624148,0.000478299379982273,-0.134443261311872
0.0277134170719639,0.000478299379982273,-0.134620045985567
0.02686703290326,0.000478299379982273,-0.134791516090354
0.0268455061919207,0.000478299379982273,-0.134954065869665
0.0259970404600153,0.000478299379982273,-0.135120076172176
0.0259734465452808,0.000478299379982273,-0.135287531982443
0.0251229028114921,0.000478299379982273,-0.135448056426312
0.0242713672685175,0.000478299379982273,-0.135603233612837
0.0234188735335225,0.000478299379982273,-0.13575305741589
0.0225654552614998,0.000478299379982273,-0.135897521920682
0.0217111461439418,0.000478299379982273,-0.136036621424003
0.0208559799075093,0.000478299379982273,-0.136170350434441
0.0199999903127013,0.000478299379982273,-0.136298703672606
0.0191432111525213,0.000478299379982273,-0.13642167607133
0.0182856762511433,0.000478299379982273,-0.136539262775875
0.017427419462577,0.000478299379982273,-0.136651459144117
0.0165684746693309,0.000478299379982273,-0.136758260746738
0.0157088757810747,0.000478299379982273,-0.136859663367392
0.0148486567333004,0.000478299379982273,-0.136955663002877
0.0148516772569595,0.000478299379982273,-0.137045925612749
0.014854115611854,0.000478299379982273,-0.137141632967498
0.0139921417807223,0.000478299379982273,-0.137232256455946
0.0131296155637914,0.000478299379982273,-0.137317462249888
0.0122665710121198,0.000478299379982273,-0.137397246985545
0.0114030421972283,0.000478299379982273,-0.137471607513154
0.0105390632097558,0.000478299379982273,-0.137540540897086
0.00967466815811377,0.000478299379982273,-0.137604044415972
0.00880989116713839,0.000478299379982273,-0.137662115562799
0.00794476637674479,0.000478299379982273,-0.13771475204502
0.00707932794057815,0.000478299379982273,-0.137761951784635
0.00621361002466627,0.000478299379982273,-0.13780371291828
0.00534764680607003,0.000478299379982273,-0.137840033797297
0.00448147247153453,0.000478299379982273,-0.137870912987799
0.00449736569369782,0.000478299379982273,-0.13789388943339
0.00363086976026858,0.000478299379982273,-0.137919425122188
0.00364643621597593,0.000478299379982273,-0.137948142664408
0.00277961619830486,0.000478299379982273,-0.137968330769881
0.00191268644614587,0.000478299379982273,-0.137983072121894
0.00104568118440104,0.000478299379982273,-0.137992366138485
0.000178634640953405,0.000478299379982273,-0.137996212452742
-0.000688418954683972,0.000478299379982273,-0.137994610912818
-0.00155544537271966,0.000478299379982273,-0.13798756158194
-0.00242241038443538,0.000478299379982273,-0.137975064738403
-0.00328927976353696,0.000478299379982273,-0.137957120875562
-0.00415601928750574,0.000478299379982273,-0.137933730701809
-0.00502259473894929,0.000478299379982273,-0.137904895140548
-0.0058889719069525,0.000478299379982273,-0.137870615330158
-0.00587510457679478,0.000478299379982273,-0.137827788755656
-0.0067409804464667,0.000478299379982273,-0.137788154025237
-0.00672660866085562,0.000478299379982273,-0.137751034297242
-0.00759198546325372,0.000478299379982273,-0.137706050959143
-0.00845706254706555,0.000478299379982273,-0.137655631221942
-0.00932180576052857,0.000478299379982273,-0.137599777076125
-0.0101861809650617,0.000478299379982273,-0.137538490726717
-0.0110501540366119,0.000478299379982273,-0.137471774593199
-0.0119136908670016,0.000478299379982273,-0.13739963130941
-0.0127767573652753,0.000478299379982273,-0.137322063723442
-0.0136393194590457,0.000478299379982273,-0.137239074897532
-0.0145013430958381,0.000478299379982273,-0.137150668107935
-0.0153627942444352,0.000478299379982273,-0.137056846844802
-0.0162236388962209,0.000478299379982273,-0.136957614812033
-0.0170838430665222,0.000478299379982273,-0.136852975927141
-0.0170859884465443,0.000478299379982273,-0.136742474941521
-0.0179448238400248,0.000478299379982273,-0.136632422036932
-0.017945628376061,0.000478299379982273,-0.136527289700905
-0.0188030947611392,0.000478299379982273,-0.136411839802454
-0.0196598188322322,0.000478299379982273,-0.136291004598141
-0.0205157667673407,0.000478299379982273,-0.136164788858334
-0.0213709047751058,0.000478299379982273,-0.136033197565815
-0.0222251990961435,0.000478299379982273,-0.135896235915582
-0.0230786160043763,0.000478299379982273,-0.135753909314646
-0.0239311218083661,0.000478299379982273,-0.135606223381819
-0.0247826828526436,0.000478299379982273,-0.135453183947488
-0.0256332655190369,0.000478299379982273,-0.135294797053387
-0.0264828362279986,0.000478299379982273,-0.135131068952361
-0.027331361439932,0.000478299379982273,-0.134962006108113
-0.0281788076565146,0.000478299379982273,-0.134787615194957
-0.0282095802194244,0.000478299379982273,-0.134604006930993
-0.0290547597403506,0.000478299379982273,-0.134424105109409
-0.0290832464604156,0.000478299379982273,-0.134245248969998
-0.0299261546080006,0.000478299379982273,-0.134059864859219
-0.0307678813222434,0.000478299379982273,-0.133869188294523
-0.0316083933732146,0.000478299379982273,-0.133673226803493
-0.0324476575789377,0.000478299379982273,-0.133471988122355
-0.0332856408066989,0.000478299379982273,-0.133265480195666
-0.0341223099743551,0.000478299379982273,-0.133053711176006
-0.0349576320516403,0.000478299379982273,-0.132836689423654
-0.0357915740614694,0.000478299379982273,-0.132614423506255
-0.0366241030812392,0.000478299379982273,-0.132386922198489
-0.03745518624413,0.000478299379982273,-0.132154194481717
-0.0382847907404013,0.000478299379982273,-0.131916249543632
-0.0391128838186885,0.000478299379982273,-0.131673096777891
-0.0399394327872943,0.000478299379982273,-0.13142474578375
-0.0407644050154811,0.000478299379982273,-0.13117120636568
-0.0415877679347575,0.000478299379982273,-0.130912488532985
-0.0416524017121645,0.000478299379982273,-0.130646083833766
-0.0424724476826788,0.000478299379982273,-0.130381796955453
-0.0425337577124618,0.000478299379982273,-0.130119357949835
-0.0433504767912043,0.000478299379982273,-0.129849543782005
-0.0441654844673509,0.000478299379982273,-0.129574603376525
-0.0449787485657941,0.000478299379982273,-0.129294547587571
-0.0457902369802599,0.000478299379982273,-0.129009387471266
-0.0465999176745752,0.000478299379982273,-0.128719134285243
-0.0474077586839325,0.000478299379982273,-0.128423799488201
-0.048213728116152,0.000478299379982273,-0.128123394739452
-0.0490177941529407,0.000478299379982273,-0.127817931898461
-0.0498199250511482,0.000478299379982273,-0.127507423024378
-0.0506200891440199,0.000478299379982273,-0.127191880375561
-0.0514182548424477,0.000478299379982273,-0.126871316409095
-0.0522143906362166,0.000478299379982273,-0.126545743780296
-0.0530084650952484,0.000478299379982273,-0.126215175342213
-0.0538004468708434,0.000478299379982273,-0.125879624145122
-0.0545903046969169,0.000478299379982273,-0.125539103436011
-0.0553780073912347,0.000478299379982273,-0.125193626658053
-0.0561635238566429,0.000478299379982273,-0.124843207450081
-0.0569468230822966,0.000478299379982273,-0.124487859646044
-0.0570417387560748,0.000478299379982273,-0.124124700166422
-0.0578205061618149,0.000478299379982273,-0.123763848594458
-0.057910873293358,0.000478299379982273,-0.12340383616303
-0.0586850942508134,0.000478299379982273,-0.123037537922882
-0.0594569984212328,0.000478299379982273,-0.12266638237141
-0.0602265553311611,0.000478299379982273,-0.1222903841612
-0.0609937345998094,0.000478299379982273,-0.121909558136019
-0.0617585059402537,0.000478299379982273,-0.121523919330225
-0.0625208391606311,0.000478299379982273,-0.121133482968178
-0.063280704165331,0.000478299379982273,-0.120738264463637
-0.0640380709561845,0.000478299379982273,-0.120338279419153
-0.0647929096336473,0.000478299379982273,-0.119933543625449
-0.0655451903979812,0.000478299379982273,-0.119524073060801
-0.0662948835504295,0.000478299379982273,-0.119109883890408
-0.0670419594943901,0.000478299379982273,-0.118690992465747
-0.0677863887365842,0.000478299379982273,-0.118267415323935
-0.0685281418882198,0.000478299379982273,-0.117839169187072
-0.0692671896661526,0.000478299379982273,-0.117406270961583
-0.0700035028940418,0.000478299379982273,-0.116968737737548
-0.0707370525035021,0.000478299379982273,-0.116526586788029
-0.0714678095352507,0.000478299379982273,-0.11607983556839
-0.0721957451402512,0.000478299379982273,-0.115628501715603
-0.0729208305808526,0.000478299379982273,-0.115172603047556
-0.000491942983795839,0.000478299379982273,-0.114709462586383
0.0725622066415701,0.000478299379982273,-0.115156576429092
0.0718372289774493,0.000478299379982273,-0.115610222127651
0.0711094153025334,0.000478299379982273,-0.116059303732596
0.0710039759916714,0.000478299379982273,-0.11651113363988
0.0702705182077246,0.000478299379982273,-0.116954962013134
0.0695342862640415,0.000478299379982273,-0.117394173204747
0.0687953092257982,0.000478299379982273,-0.117828749875413
0.0680536162665432,0.000478299379982273,-0.118258674868789
0.0673092366670446,0.000478299379982273,-0.118683931212172
0.0665621998141342,0.000478299379982273,-0.11910450211717
0.0658125351995478,0.000478299379982273,-0.119520370980365
0.0650602724187609,0.000478299379982273,-0.119931521383965
0.0643054411698199,0.000478299379982273,-0.120337937096456
0.0635480712521699,0.000478299379982273,-0.120739602073242
0.0627881925654789,0.000478299379982273,-0.121136500457278
0.0620258351084559,0.000478299379982273,-0.121528616579695
0.0612610289776681,0.000478299379982273,-0.121915934960419
0.0604938043663518,0.000478299379982273,-0.122298440308784
0.0597241915632212,0.000478299379982273,-0.122676117524135
0.0589522209512719,0.000478299379982273,-0.123048951696421
0.0581779230065818,0.000478299379982273,-0.123416928106788
0.0574013282971079,0.000478299379982273,-0.123780032228156
0.0566224674814797,0.000478299379982273,-0.124138249725798
0.0558413713077886,0.000478299379982273,-0.124491566457899
0.0550580706123738,0.000478299379982273,-0.12483996847612
0.0542725963186058,0.000478299379982273,-0.125183442026146
0.0541869200483801,0.000478299379982273,-0.125521194547526
0.0533971827088988,0.000478299379982273,-0.125859181086323
0.0533072323194638,0.000478299379982273,-0.126200240594696
0.0525132458001915,0.000478299379982273,-0.12653268652506
0.0517171861478921,0.000478299379982273,-0.126860137161618
0.0509190847896373,0.000478299379982273,-0.127182579577181
0.0501189732331028,0.000478299379982273,-0.127500001042274
0.0493168830653224,0.000478299379982273,-0.127812389025641
0.0485128459514426,0.000478299379982273,-0.128119731194738
0.0477068936334719,0.000478299379982273,-0.128422015416224
0.0468990579290279,0.000478299379982273,-0.128719229756436
0.0460893707300808,0.000478299379982273,-0.129011362481859
0.045277864001695,0.000478299379982273,-0.129298402059594
0.0444645697807664,0.000478299379982273,-0.12958033715781
0.0436495201747586,0.000478299379982273,-0.129857156646192
0.0428327473604342,0.000478299379982273,-0.130128849596381
0.0420142835825853,0.000478299379982273,-0.130395405282404
0.0411941611527606,0.000478299379982273,-0.1306568131811
0.0403724124479893,0.000478299379982273,-0.130913062972531
0.0395490699095033,0.000478299379982273,-0.131164144540395
0.0394948672879911,0.000478299379982273,-0.131407796969991
0.0386684335865646,0.000478299379982273,-0.131653355029653
0.0386111420029819,0.000478299379982273,-0.131901149478187
0.037781625940701,0.000478299379982273,-0.132141145226301
0.0369506183245204,0.000478299379982273,-0.132375924268263
0.0361181519611981,0.000478299379982273,-0.1326054773354
0.0352842597150806,0.000478299379982273,-0.132829795365348
0.0344489745068057,0.000478299379982273,-0.133048869502416
0.0336123293120035,0.000478299379982273,-0.133262691097932
0.0327743571599934,0.000478299379982273,-0.133471251710586
0.0319350911324815,0.000478299379982273,-0.133674543106762
0.0310945643622532,0.000478299379982273,-0.133872557260863
0.0302528100318664,0.000478299379982273,-0.13406528635563
0.0294098613723407,0.000478299379982273,-0.134252722782449
0.0285657516618457,0.000478299379982273,-0.13443485914165
0.0277205142243873,0.000478299379982273,-0.134611688242801
0.0268741824284927,0.000478299379982273,-0.134783203104992
0.0268526968617395,0.000478299379982273,-0.134945786627085
0.0260042830075694,0.000478299379982273,-0.135111842273035
0.025980729882073,0.000478299379982273,-0.135279332272343
0.0251302375244764,0.000478299379982273,-0.13543990264032
0.0242787530681321,0.000478299379982273,-0.135595126072852
0.0234263101281886,0.000478299379982273,-0.135744996441983
0.0225729423576336,0.000478299379982273,-0.135889507831087
0.0217186834459654,0.000478299379982273,-0.136028654535102
0.020863567117863,0.000478299379982273,-0.136162431060754
0.0200076271318549,0.000478299379982273,-0.136290832126775
0.0191508972789862,0.000478299379982273,-0.136413852664111
0.0182934113814846,0.000478299379982273,-0.136531487816122
0.0174352032914249,0.000478299379982273,-0.136643732938773
0.0165763068893932,0.000478299379982273,-0.13675058360082
0.0157167560831487,0.000478299379982273,-0.13685203558398
0.0148565848062854,0.000478299379982273,-0.136948084883104
0.0148596738930746,0.000478299379982273,-0.137038396719577
0.0148621805046574,0.000478299379982273,-0.137134153863369
0.0140002535066197,0.000478299379982273,-0.13722482817233
0.0131377738025458,0.000478299379982273,-0.137310085080042
0.0122747754416576,0.000478299379982273,-0.137389921220707
0.0114112924936528,0.000478299379982273,-0.137464333442531
0.0105473590473595,0.000478299379982273,-0.137533318807848
0.00968300920939102,0.000478299379982273,-0.137596874593233
0.00881827710279902,0.000478299379982273,-0.137654998289613
0.0079531968657263,0.000478299379982273,-0.137707687602363
0.00708780265005939,0.000478299379982273,-0.137754940451401
0.00622212862007999,0.000478299379982273,-0.137796754971263
0.00535620895111666,0.000478299379982273,-0.137833129511185
0.00449007782819535,0.000478299379982273,-0.137864062635162
0.00450600265855306,0.000478299379982273,-0.137887099622965
0.00363954921599381,0.000478299379982273,-0.137912689713081
0.00365514647746796,0.000478299379982273,-0.13794146811878
0.002788368224995,0.000478299379982273,-0.137961711083829
0.00192147989251872,0.000478299379982273,-0.137976507556753
0.00105451570330666,0.000478299379982273,-0.137985856953412
0.000187509883620208,0.000478299379982273,-0.137989758904709
-0.00067950333863536,0.000478299379982273,-0.1379882132566
-0.00154648973526272,0.000478299379982273,-0.137981220070105
-0.00241341507912326,0.000478299379982273,-0.137968779621304
-0.00328024514548902,0.000478299379982273,-0.137950892401324
-0.00414694571339298,0.000478299379982273,-0.137927559116321
-0.005013482566981,0.000478299379982273,-0.137898780687455
-0.00587982149686163,0.000478299379982273,-0.137864558250847
-0.00586589077545167,0.000478299379982273,-0.137821799167354
-0.00673172919355068,0.000478299379982273,-0.137782222446804
-0.00671729493336138,0.000478299379982273,-0.137745171160785
-0.00758263508067405,0.000478299379982273,-0.13770024645791
-0.00844767587853727,0.000478299379982273,-0.137649885585085
-0.00931238317662166,0.000478299379982273,-0.137594090530471
-0.0101767228377635,0.000478299379982273,-0.137532863496762
-0.011040660739313,0.000478299379982273,-0.137466206901097
-0.0119041627744813,0.000478299379982273,-0.137394123374962
-0.0127671948536865,0.000478299379982273,-0.137316615764094
-0.0136297229058996,0.000478299379982273,-0.137233687128358
-0.0144917128799903,0.000478299379982273,-0.137145340741637
-0.0153531307460703,0.000478299379982273,-0.137051580091693
-0.0162139424968371,0.000478299379982273,-0.136952408880038
-0.0170741141489171,0.000478299379982273,-0.136847831021779
-0.0170762221634562,0.000478299379982273,-0.136737384642873
-0.0179350257666355,0.000478299379982273,-0.136627393201725
-0.0179357935850273,0.000478299379982273,-0.136522315970897
-0.018793228913574,0.000478299379982273,-0.13640692796403
-0.0196499223176224,0.000478299379982273,-0.136286154845214
-0.020505839976384,0.000478299379982273,-0.136160001382363
-0.0213609480996947,0.000478299379982273,-0.136028472555801
-0.0222152129293503,0.000478299379982273,-0.135891573558061
-0.023068600740438,0.000478299379982273,-0.13574930979368
-0.0239210778426682,0.000478299379982273,-0.135601686878988
-0.0247726105817046,0.000478299379982273,-0.135448710641886
-0.0256231653404928,0.000478299379982273,-0.135290387121613
-0.0264727085405873,0.000478299379982273,-0.135126722568511
-0.027321206643477,0.000478299379982273,-0.134957723443776
-0.0281686261519099,0.000478299379982273,-0.134783396419203
-0.0281993932827521,0.000478299379982273,-0.134599824331466
-0.0290445467248848,0.000478299379982273,-0.134419986598433
-0.0290730282915067,0.000478299379982273,-0.134241166571152
-0.0299159109904898,0.000478299379982273,-0.134055846743183
-0.0307576126605314,0.000478299379982273,-0.133865234619924
-0.0315981000726905,0.000478299379982273,-0.133669337726416
-0.0324373400459633,0.000478299379982273,-0.133468163796334
-0.0332752994485927,0.000478299379982273,-0.133261720771679
-0.0341119451993766,0.000478299379982273,-0.133050016802469
-0.0349472442689727,0.000478299379982273,-0.132833060246413
-0.0357811636812044,0.000478299379982273,-0.132610859668586
-0.0366136705143611,0.000478299379982273,-0.132383423841085
-0.0374447319024987,0.000478299379982273,-0.132150761742687
-0.0382743150367363,0.000478299379982273,-0.131912882558495
-0.0391023871665525,0.000478299379982273,-0.131669795679569
-0.0399289156010774,0.000478299379982273,-0.131421510702566
-0.0407538677103835,0.000478299379982273,-0.131168037429349
-0.0415772109267741,0.000478299379982273,-0.13090938586661
-0.041641805128962,0.000478299379982273,-0.130643047870387
-0.042461832233249,0.000478299379982273,-0.130378827631859
-0.0425231035322829,0.000478299379982273,-0.130116455948729
-0.0433398045876389,0.000478299379982273,-0.12984670877993
-0.0441547946617195,0.000478299379982273,-0.129571835485402
-0.0449680415801119,0.000478299379982273,-0.129291846916672
-0.0457795132372204,0.000478299379982273,-0.129006754127208
-0.0465891775975333,0.000478299379982273,-0.128716568371986
-0.0473970026968883,0.000478299379982273,-0.128421301107043
-0.0482029566437333,0.000478299379982273,-0.128120963989025
-0.0490070076203867,0.000478299379982273,-0.127815568874727
-0.0498091238842926,0.000478299379982273,-0.127505127820625
-0.0506092737692747,0.000478299379982273,-0.1271896530824
-0.0514074256867851,0.000478299379982273,-0.126869157114456
-0.0522035481271532,0.000478299379982273,-0.126543652569423
-0.0529976096608279,0.000478299379982273,-0.126213152297664
-0.0537895789396197,0.000478299379982273,-0.125877669346764
-0.0545794246979373,0.000478299379982273,-0.125537216961015
-0.0553671157540229,0.000478299379982273,-0.125191808580895
-0.0561526210111823,0.000478299379982273,-0.124841457842534
-0.0569359094590128,0.000478299379982273,-0.124486178577181
-0.0570308391403133,0.000478299379982273,-0.124123125400736
-0.0578095968667228,0.000478299379982273,-0.123762342343712
-0.0578999795759035,0.000478299379982273,-0.1234024358758
-0.0586741919501852,0.000478299379982273,-0.123036206110087
-0.0594460879678351,0.000478299379982273,-0.122665119085628
-0.0602156371557202,0.000478299379982273,-0.122289189452304
-0.0609828091333559,0.000478299379982273,-0.121908432051173
-0.0617475736141063,0.000478299379982273,-0.121522861913886
-0.0625099004063792,0.000478299379982273,-0.121132494262091
-0.0632697594148182,0.000478299379982273,-0.120737344506834
-0.0640271206414907,0.000478299379982273,-0.120337428247952
-0.0647819541870722,0.000478299379982273,-0.119932761273453
-0.0655342302520269,0.000478299379982273,-0.119523359558896
-0.0662839191377839,0.000478299379982273,-0.119109239266761
-0.0670309912479095,0.000478299379982273,-0.118690416745808
-0.067775417089276,0.000478299379982273,-0.118266908530432
-0.0685171672732261,0.000478299379982273,-0.117838731340012
-0.0692562125167323,0.000478299379982273,-0.117405902078252
-0.069992523643554,0.000478299379982273,-0.116968437832509
-0.0707260715853886,0.000478299379982273,-0.116526355873122
-0.0714568273830196,0.000478299379982273,-0.11607967365273
-0.072184762187459,0.000478299379982273,-0.115628408805582
-0.0729098472610875,0.000478299379982273,-0.115172579146843
